Workbook
Name Slicer_Campaign: #N/A

Sheet Sheet1
A3: Month | B3: Sum of Amount-fixed
A4: 2024-01 | B4: 291203
A5: 2024-02 | B5: 298204
A6: 2024-03 | B6: 251308
A7: 2024-04 | B7: 211725
A8: 2024-05 | B8: 277922
A9: 2024-06 | B9: 281054
A10: 2024-07 | B10: 288698
A11: 2024-08 | B11: 236243
A12: 2024-09 | B12: 187983
A13: 2024-10 | B13: 369848
A14: 2024-11 | B14: 343939
A15: 2024-12 | B15: 284812
... A21: 2025-06 | B21: 175220
A22: (blank)
A23: Grand Total | B23: 4694553

Sheet Sheet2
A3: Region-fixed | B3: Sum of Amount-fixed
A4: Central | B4: 1085468
A5: East | B5: 755171
A6: North | B6: 989801
A7: NOT KNOWN | B7: 87019
A8: South | B8: 829556
A9: West | B9: 947538
A10: (blank)
A11: Grand Total | B11: 4694553

Sheet Sheet3
A3: Campaign | B3: Sum of Amount-fixed
A4: EmergencyFoodBank | B4: 885899
A5: FloodReliefMeals | B5: 723916
A6: RamadanFeeding | B6: 789822
A7: SchoolLunchFund | B7: 802130
A8: WinterMealDrive | B8: 765625
A9: YearEndGiving | B9: 727161
A10: Grand Total | B10: 4694553

Sheet Sheet4
A3: Status | B3: Donor name | C3: Sum of Amount-fixed
A4: ACTIVE | B4: Donor_001 | C4: 41876
B5: Donor_002 | C5: 29434
B6: Donor_003 | C6: 33565
B7: Donor_004 | C7: 45812
B8: Donor_005 | C8: 38113
B9: Donor_006 | C9: 51127
B10: Donor_007 | C10: 41087
B11: Donor_008 | C11: 19367
B12: Donor_009 | C12: 44882
B13: Donor_010 | C13: 32684
B14: Donor_011 | C14: 47217
B15: Donor_012 | C15: 60644
B16: Donor_013 | C16: 44972
... B115: Donor_120 | C115: 35151
A116: ACTIVE Total | C116: 4326735
A117: LAPSED | B117: Donor_017 | C117: 37163
B118: Donor_028 | C118: 30647
B119: Donor_042 | C119: 29863
B120: Donor_066 | C120: 36670
B121: Donor_078 | C121: 76761
B122: Donor_093 | C122: 54550
B123: Donor_103 | C123: 38502
B124: Donor_107 | C124: 63662
A125: LAPSED Total | C125: 367818
A126: (blank) | B126: (blank)
A127: (blank) Total
A128: Grand Total | C128: 4694553

Sheet Raw_Data
A1: TransactionID | B1: Donor name | C1: DonationDate-fixed | D1: Region-fixed | E1: Campaign | G1: Amount-fixed | H1: PaymentMethod | I1: Month | J1: Last donation date | K1: Status | L1: sum acc to campaign | M1: Donor to search | N1: Donor status | O1: Donor's total donation mount made
A2: 1566 | B2: Donor_003 | C2: 45561 | D2: West | E2: YearEndGiving | G2: 9051 | H2: Credit Card | I2: =TEXT(C2, "yyyy-mm") -> 2024-09 | J2: =_xlfn.MAXIFS(C:C, B:B, B2) -> 45785 | K2: =IF($L$3-J2>90, "LAPSED","ACTIVE") -> ACTIVE | M2: Donor_003 | N2: =_xlfn.XLOOKUP(M2, B2:B1801, K2:K1801) -> ACTIVE | O2: =SUMIFS( G2:G1801, B2:B1801,M2) -> 33565 | P2: =SUM(G2:G1801) -> 4694553 | Q2: =COUNTBLANK(E2:E1801) -> 0
A3: 888 | B3: Donor_029 | C3: 45528 | D3: East | E3: RamadanFeeding | G3: 247 | H3: Cash | I3: =TEXT(C3, "yyyy-mm") -> 2024-08 | J3: =_xlfn.MAXIFS(C:C, B:B, B3) -> 45813 | K3: =IF($L$3-J3>90, "LAPSED","ACTIVE") -> ACTIVE | L3: =MAX(C:C) -> 45831 | Q3: =COUNTIF(E2:E1801,"") -> 0
A4: 38 | B4: Donor_005 | C4: 45563 | D4: North | E4: YearEndGiving | G4: 704 | H4: Bank Transfer | I4: =TEXT(C4, "yyyy-mm") -> 2024-09 | J4: =_xlfn.MAXIFS(C:C, B:B, B4) -> 45818 | K4: =IF($L$3-J4>90, "LAPSED","ACTIVE") -> ACTIVE | L4: =SUMIFS(G:G, E:E, "WinterMealDrive") -> 765625 | Q4: {=SUMPRODUCT((LEN(TRIM(E2:E1801))=0)*1)} -> 0
A5: 1503 | B5: Donor_035 | C5: 45462 | D5: Central | E5: EmergencyFoodBank | G5: 11535 | H5: Cheque | I5: =TEXT(C5, "yyyy-mm") -> 2024-06 | J5: =_xlfn.MAXIFS(C:C, B:B, B5) -> 45823 | K5: =IF($L$3-J5>90, "LAPSED","ACTIVE") -> ACTIVE | L5: =SUMIFS(G:G, E:E, "YearEndGiving") -> 727161
A6: 288 | B6: Donor_065 | C6: 45389 | D6: South | E6: EmergencyFoodBank | G6: 622 | H6: Cheque | I6: =TEXT(C6, "yyyy-mm") -> 2024-04 | J6: =_xlfn.MAXIFS(C:C, B:B, B6) -> 45779 | K6: =IF($L$3-J6>90, "LAPSED","ACTIVE") -> ACTIVE | L6: =SUMIFS(G:G, E:E, "EmergencyFoodBank") -> 885899
A7: 708 | B7: Donor_023 | C7: 45454 | D7: Central | E7: WinterMealDrive | G7: 935 | H7: UPI | I7: =TEXT(C7, "yyyy-mm") -> 2024-06 | J7: =_xlfn.MAXIFS(C:C, B:B, B7) -> 45801 | K7: =IF($L$3-J7>90, "LAPSED","ACTIVE") -> ACTIVE | L7: =SUMIFS(G:G, E:E, "RamadanFeeding") -> 789822
A8: 128 | B8: Donor_020 | C8: 45615 | D8: West | E8: WinterMealDrive | G8: 293 | H8: Bank Transfer | I8: =TEXT(C8, "yyyy-mm") -> 2024-11 | J8: =_xlfn.MAXIFS(C:C, B:B, B8) -> 45808 | K8: =IF($L$3-J8>90, "LAPSED","ACTIVE") -> ACTIVE | L8: =SUMIFS(G:G, E:E, "SchoolLunchFund") -> 802130
A9: 1678 | B9: Donor_106 | C9: 45459 | D9: South | E9: EmergencyFoodBank | G9: 0 | H9: Credit Card | I9: =TEXT(C9, "yyyy-mm") -> 2024-06 | J9: =_xlfn.MAXIFS(C:C, B:B, B9) -> 45819 | K9: =IF($L$3-J9>90, "LAPSED","ACTIVE") -> ACTIVE | L9: =SUMIFS(G:G, E:E, "FloodReliefMeals") -> 723916
A10: 1465 | B10: Donor_080 | C10: 45486 | D10: West | E10: YearEndGiving | G10: 1190 | H10: Credit Card | I10: =TEXT(C10, "yyyy-mm") -> 2024-07 | J10: =_xlfn.MAXIFS(C:C, B:B, B10) -> 45788 | K10: =IF($L$3-J10>90, "LAPSED","ACTIVE") -> ACTIVE
A11: 919 | B11: Donor_032 | C11: 45723 | D11: South | E11: SchoolLunchFund | G11: 549 | H11: UPI | I11: =TEXT(C11, "yyyy-mm") -> 2025-03 | J11: =_xlfn.MAXIFS(C:C, B:B, B11) -> 45776 | K11: =IF($L$3-J11>90, "LAPSED","ACTIVE") -> ACTIVE
A12: 485 | B12: Donor_095 | C12: 45407 | D12: North | E12: SchoolLunchFund | G12: 1721 | H12: Bank Transfer | I12: =TEXT(C12, "yyyy-mm") -> 2024-04 | J12: =_xlfn.MAXIFS(C:C, B:B, B12) -> 45794 | K12: =IF($L$3-J12>90, "LAPSED","ACTIVE") -> ACTIVE
A13: 1296 | B13: Donor_116 | C13: 45599 | D13: Central | E13: RamadanFeeding | G13: 440 | H13: Bank Transfer | I13: =TEXT(C13, "yyyy-mm") -> 2024-11 | J13: =_xlfn.MAXIFS(C:C, B:B, B13) -> 45819 | K13: =IF($L$3-J13>90, "LAPSED","ACTIVE") -> ACTIVE
A14: 1089 | B14: Donor_005 | C14: 45545 | D14: East | E14: EmergencyFoodBank | G14: 1125 | H14: Cash | I14: =TEXT(C14, "yyyy-mm") -> 2024-09 | J14: =_xlfn.MAXIFS(C:C, B:B, B14) -> 45818 | K14: =IF($L$3-J14>90, "LAPSED","ACTIVE") -> ACTIVE
A15: 180 | B15: Donor_019 | C15: 45681 | D15: South | E15: WinterMealDrive | G15: 876 | H15: Cash | I15: =TEXT(C15, "yyyy-mm") -> 2025-01 | J15: =_xlfn.MAXIFS(C:C, B:B, B15) -> 45805 | K15: =IF($L$3-J15>90, "LAPSED","ACTIVE") -> ACTIVE
A16: 695 | B16: Donor_101 | C16: 45475 | D16: South | E16: RamadanFeeding | G16: 417 | H16: Bank Transfer | I16: =TEXT(C16, "yyyy-mm") -> 2024-07 | J16: =_xlfn.MAXIFS(C:C, B:B, B16) -> 45788 | K16: =IF($L$3-J16>90, "LAPSED","ACTIVE") -> ACTIVE
A17: 1386 | B17: Donor_019 | C17: 45364 | D17: South | E17: YearEndGiving | G17: 1717 | H17: UPI | I17: =TEXT(C17, "yyyy-mm") -> 2024-03 | J17: =_xlfn.MAXIFS(C:C, B:B, B17) -> 45805 | K17: =IF($L$3-J17>90, "LAPSED","ACTIVE") -> ACTIVE
A18: 1555 | B18: Donor_053 | C18: 45644 | D18: North | E18: SchoolLunchFund | G18: 702 | H18: Cheque | I18: =TEXT(C18, "yyyy-mm") -> 2024-12 | J18: =_xlfn.MAXIFS(C:C, B:B, B18) -> 45763 | K18: =IF($L$3-J18>90, "LAPSED","ACTIVE") -> ACTIVE
A19: 976 | B19: Donor_009 | C19: 45308 | D19: West | E19: WinterMealDrive | G19: 817 | H19: Bank Transfer | I19: =TEXT(C19, "yyyy-mm") -> 2024-01 | J19: =_xlfn.MAXIFS(C:C, B:B, B19) -> 45792 | K19: =IF($L$3-J19>90, "LAPSED","ACTIVE") -> ACTIVE
A20: 351 | B20: Donor_026 | C20: 45801 | D20: Central | E20: SchoolLunchFund | G20: 2831 | H20: Credit Card | I20: =TEXT(C20, "yyyy-mm") -> 2025-05 | J20: =_xlfn.MAXIFS(C:C, B:B, B20) -> 45805 | K20: =IF($L$3-J20>90, "LAPSED","ACTIVE") -> ACTIVE
A21: 397 | B21: Donor_108 | C21: 45375 | D21: East | E21: SchoolLunchFund | G21: 8786 | H21: UPI | I21: =TEXT(C21, "yyyy-mm") -> 2024-03 | J21: =_xlfn.MAXIFS(C:C, B:B, B21) -> 45798 | K21: =IF($L$3-J21>90, "LAPSED","ACTIVE") -> ACTIVE
... A1801: 176 | B1801: Donor_065 | C1801: 45703 | D1801: North | E1801: WinterMealDrive | G1801: 427 | H1801: Bank Transfer | I1801: =TEXT(C1801, "yyyy-mm") -> 2025-02 | J1801: =_xlfn.MAXIFS(C:C, B:B, B1801) -> 45779 | K1801: =IF($L$3-J1801>90, "LAPSED","ACTIVE") -> ACTIVE

Sheet Sheet5 (2)
B9: =Raw_Data!P2 -> 4694553 | F9: 115 | J9: =115/123 -> 0.93495935 | N9: =AVERAGEIF(Raw_Data!G:G,"<>0") -> 2650.7922
B13: TOTAL DONATIONS | F13: TOTAL ACTIVE DONORS | J13: RETENTION RATE | N13: AVERAGE GIFT
B15: MONTHLY DONATION TRENDS | J15: NEEDS ATTENTION
J16: DONOR NAME | K16: LAST DONATION DATE | L16: TOTAL AMOUNT
J17: Donor_017 | K17: =_xlfn.MAXIFS(Raw_Data!C:C, Raw_Data!B:B, J17) -> 45690 | L17: 37163
J18: Donor_028 | K18: =_xlfn.MAXIFS(Raw_Data!C:C, Raw_Data!B:B, J18) -> 45725 | L18: 30647
J19: Donor_042 | K19: =_xlfn.MAXIFS(Raw_Data!C:C, Raw_Data!B:B, J19) -> 45698 | L19: 29863
J20: Donor_066 | K20: =_xlfn.MAXIFS(Raw_Data!C:C, Raw_Data!B:B, J20) -> 45738 | L20: 36670
J21: Donor_078 | K21: =_xlfn.MAXIFS(Raw_Data!C:C, Raw_Data!B:B, J21) -> 45729 | L21: 76761
J22: Donor_093 | K22: =_xlfn.MAXIFS(Raw_Data!C:C, Raw_Data!B:B, J22) -> 45740 | L22: 54550
J23: Donor_103 | K23: =_xlfn.MAXIFS(Raw_Data!C:C, Raw_Data!B:B, J23) -> 45713 | L23: 38502
J24: Donor_107 | K24: =_xlfn.MAXIFS(Raw_Data!C:C, Raw_Data!B:B, J24) -> 45734 | L24: 63662
E32: CAMPAIGN PERFORMANCE
B33: REGION | C33: TOTAL DONATIONS
B34: NORTH | C34: =SUMIFS(Raw_Data!G:G, Raw_Data!D:D, "North") -> 989801
B35: WEST | C35: =SUMIFS(Raw_Data!G:G, Raw_Data!D:D, "West") -> 947538
B36: EAST | C36: =SUMIFS(Raw_Data!G:G, Raw_Data!D:D, "East") -> 755171
B37: SOUTH | C37: =SUMIFS(Raw_Data!G:G, Raw_Data!D:D, "South") -> 829556
B38: CENTRAL | C38: =SUMIFS(Raw_Data!G:G, Raw_Data!D:D, "Central") -> 1085468
E50: KEY INSIGHTS

Sheet Sheet5 (3)
B9: =Raw_Data!P2 -> 4694553 | F9: 115 | J9: =115/123 -> 0.93495935 | N9: =AVERAGEIF(Raw_Data!G:G,"<>0") -> 2650.7922
B13: TOTAL DONATIONS | F13: TOTAL ACTIVE DONORS | J13: RETENTION RATE | N13: AVERAGE GIFT
B15: MONTHLY DONATION TRENDS | J15: NEEDS ATTENTION
J16: DONOR NAME | K16: LAST DONATION DATE | L16: TOTAL AMOUNT
J17: Donor_017 | K17: =_xlfn.MAXIFS(Raw_Data!C:C, Raw_Data!B:B, J17) -> 45690 | L17: 37163
J18: Donor_028 | K18: =_xlfn.MAXIFS(Raw_Data!C:C, Raw_Data!B:B, J18) -> 45725 | L18: 30647
J19: Donor_042 | K19: =_xlfn.MAXIFS(Raw_Data!C:C, Raw_Data!B:B, J19) -> 45698 | L19: 29863
J20: Donor_066 | K20: =_xlfn.MAXIFS(Raw_Data!C:C, Raw_Data!B:B, J20) -> 45738 | L20: 36670
J21: Donor_078 | K21: =_xlfn.MAXIFS(Raw_Data!C:C, Raw_Data!B:B, J21) -> 45729 | L21: 76761
J22: Donor_093 | K22: =_xlfn.MAXIFS(Raw_Data!C:C, Raw_Data!B:B, J22) -> 45740 | L22: 54550
J23: Donor_103 | K23: =_xlfn.MAXIFS(Raw_Data!C:C, Raw_Data!B:B, J23) -> 45713 | L23: 38502
J24: Donor_107 | K24: =_xlfn.MAXIFS(Raw_Data!C:C, Raw_Data!B:B, J24) -> 45734 | L24: 63662
E32: CAMPAIGN PERFORMANCE
B33: REGION | C33: TOTAL DONATIONS
B34: NORTH | C34: =SUMIFS(Raw_Data!G:G, Raw_Data!D:D, "North") -> 989801
B35: WEST | C35: =SUMIFS(Raw_Data!G:G, Raw_Data!D:D, "West") -> 947538
B36: EAST | C36: =SUMIFS(Raw_Data!G:G, Raw_Data!D:D, "East") -> 755171
B37: SOUTH | C37: =SUMIFS(Raw_Data!G:G, Raw_Data!D:D, "South") -> 829556
B38: CENTRAL | C38: =SUMIFS(Raw_Data!G:G, Raw_Data!D:D, "Central") -> 1085468
E50: KEY INSIGHTS

Sheet Sheet5
B9: =Raw_Data!P2 -> 4694553 | F9: 115 | J9: =115/123 -> 0.93495935 | N9: =AVERAGEIF(Raw_Data!G:G,"<>0") -> 2650.7922
B13: TOTAL DONATIONS | F13: TOTAL ACTIVE DONORS | J13: RETENTION RATE | N13: AVERAGE GIFT
B15: MONTHLY DONATION TRENDS | J15: NEEDS ATTENTION
J16: DONOR NAME | K16: LAST DONATION DATE | L16: TOTAL AMOUNT
J17: Donor_017 | K17: =_xlfn.MAXIFS(Raw_Data!C:C, Raw_Data!B:B, J17) -> 45690 | L17: 37163
J18: Donor_028 | K18: =_xlfn.MAXIFS(Raw_Data!C:C, Raw_Data!B:B, J18) -> 45725 | L18: 30647
J19: Donor_042 | K19: =_xlfn.MAXIFS(Raw_Data!C:C, Raw_Data!B:B, J19) -> 45698 | L19: 29863
J20: Donor_066 | K20: =_xlfn.MAXIFS(Raw_Data!C:C, Raw_Data!B:B, J20) -> 45738 | L20: 36670
J21: Donor_078 | K21: =_xlfn.MAXIFS(Raw_Data!C:C, Raw_Data!B:B, J21) -> 45729 | L21: 76761
J22: Donor_093 | K22: =_xlfn.MAXIFS(Raw_Data!C:C, Raw_Data!B:B, J22) -> 45740 | L22: 54550
J23: Donor_103 | K23: =_xlfn.MAXIFS(Raw_Data!C:C, Raw_Data!B:B, J23) -> 45713 | L23: 38502
J24: Donor_107 | K24: =_xlfn.MAXIFS(Raw_Data!C:C, Raw_Data!B:B, J24) -> 45734 | L24: 63662
E32: CAMPAIGN PERFORMANCE
B33: REGION | C33: TOTAL DONATIONS
B34: NORTH | C34: =SUMIFS(Raw_Data!G:G, Raw_Data!D:D, "North") -> 989801
B35: WEST | C35: =SUMIFS(Raw_Data!G:G, Raw_Data!D:D, "West") -> 947538
B36: EAST | C36: =SUMIFS(Raw_Data!G:G, Raw_Data!D:D, "East") -> 755171
B37: SOUTH | C37: =SUMIFS(Raw_Data!G:G, Raw_Data!D:D, "South") -> 829556
B38: CENTRAL | C38: =SUMIFS(Raw_Data!G:G, Raw_Data!D:D, "Central") -> 1085468
E50: KEY INSIGHTS
